,,,,,,,,,,,,,,
,,,,,,https://nyxcable.com/product/ysly-jz/,,,,,,ปรับตารางและใส่ราคาตั้ง,,
,,,,,,,,,,,,,,
Part NO.,,,,,Core x Conductor,Model,NO. of strands x,Outer ,Cu Weight,Weight,Conductor Resistance,ราคา,,
,,,,, Size (mm2),,Max strand Dia.(mm),Dia. (mm),(kg/km),(kg/km),@ 20oC (Ohm/km),บาทต่อเมตร,,Link เดิม
424010 500211,สายคอนโทรล YSLY-OZ,ysly-oz,2x0.5,,2X0.5,สายคอนโทรล YSLY-OZ 2X0.5,16x0.20,4.9,9.6,38,39.0,14.44,,https://nyxcable.com/สายคอนโทรล/ysly-oz-2x0.5/
424020 500311,สายคอนโทรล YSLY-JZ,ysly-jz,3g0.5,,3G0.5,สายคอนโทรล YSLY-JZ 3G0.5,16x0.20,5.2,14.4,47,39.0,19.54,,https://nyxcable.com/สายคอนโทรล/ysly-jz-3g0.5/
424020 500411,สายคอนโทรล YSLY-JZ,ysly-jz,4g0.5,,4G0.5,สายคอนโทรล YSLY-JZ 4G0.5,16x0.20,5.7,19.2,58,39.0,24.37,,https://nyxcable.com/สายคอนโทรล/ysly-jz-4g0.5/
424020 500511,สายคอนโทรล YSLY-JZ,ysly-jz,5g0.5,,5G0.5,สายคอนโทรล YSLY-JZ 5G0.5,16x0.20,6.0,24.0,75,39.0,30.34,,https://nyxcable.com/สายคอนโทรล/ysly-jz-5g0.5/
424020 500611,สายคอนโทรล YSLY-JZ,ysly-jz,6g0.5,,6G0.5,สายคอนโทรล YSLY-JZ 6G0.5,16x0.20,6.5,28.8,89,39.0,40.00,,https://nyxcable.com/สายคอนโทรล/ysly-jz-6g0.5/
424020 500711,สายคอนโทรล YSLY-JZ,ysly-jz,7g0.5,,7G0.5,สายคอนโทรล YSLY-JZ 7G0.5,16x0.20,7.1,33.6,93,39.0,44.58,,https://nyxcable.com/สายคอนโทรล/ysly-jz-7g0.5/
424020 500811,สายคอนโทรล YSLY-JZ,ysly-jz,8g0.5,,8G0.5,สายคอนโทรล YSLY-JZ 8G0.5,16x0.20,7.7,38.4,110,39.0,51.40,,https://nyxcable.com/สายคอนโทรล/ysly-jz-8g0.5/
424020 501011,สายคอนโทรล YSLY-JZ,ysly-jz,10g0.5,,10G0.5,สายคอนโทรล YSLY-JZ 10G0.5,16x0.20,8.6,48.0,140,39.0,64.42,,https://nyxcable.com/สายคอนโทรล/ysly-jz-10g0.5/
424020 501211,สายคอนโทรล YSLY-JZ,ysly-jz,12g0.5,,12G0.5,สายคอนโทรล YSLY-JZ 12G0.5,16x0.20,9.1,58.0,150,39.0,75.54,,https://nyxcable.com/สายคอนโทรล/ysly-jz-12g0.5/
424020 501411,สายคอนโทรล YSLY-JZ,ysly-jz,14g0.5,,14G0.5,สายคอนโทรล YSLY-JZ 14G0.5,16x0.20,9.3,67.0,170,39.0,90.65,,https://nyxcable.com/สายคอนโทรล/ysly-jz-14g0.5/
424020 501611,สายคอนโทรล YSLY-JZ,ysly-jz,16g0.5,,16G0.5,สายคอนโทรล YSLY-JZ 16G0.5,16x0.20,10.4,77.0,195,39.0,101.46,,https://nyxcable.com/สายคอนโทรล/ysly-jz-16g0.5/
424020 501811,สายคอนโทรล YSLY-JZ,ysly-jz,18g0.5,,18G0.5,สายคอนโทรล YSLY-JZ 18G0.5,16x0.20,10.8,86.0,215,39.0,113.29,,https://nyxcable.com/สายคอนโทรล/ysly-jz-18g0.5/
424020 502011,สายคอนโทรล YSLY-JZ,ysly-jz,20g0.5,,20G0.5,สายคอนโทรล YSLY-JZ 20G0.5,16x0.20,11.8,96.0,230,39.0,123.86,,https://nyxcable.com/สายคอนโทรล/ysly-jz-20g0.5/
424020 502111,สายคอนโทรล YSLY-JZ,ysly-jz,21g0.5,,21G0.5,สายคอนโทรล YSLY-JZ 21G0.5,16x0.20,12.0,101,245,39.0,135.44,,https://nyxcable.com/สายคอนโทรล/ysly-jz-21g0.5/
424020 502511,สายคอนโทรล YSLY-JZ,ysly-jz,25g0.5,,25G0.5,สายคอนโทรล YSLY-JZ 25G0.5,16x0.20,12.8,120,280,39.0,152.66,,https://nyxcable.com/สายคอนโทรล/ysly-jz-25g0.5/
424020 503011,สายคอนโทรล YSLY-JZ,ysly-jz,30g0.5,,30G0.5,สายคอนโทรล YSLY-JZ 30G0.5,16x0.20,13.7,144,310,39.0,184.45,,https://nyxcable.com/สายคอนโทรล/ysly-jz-30g0.5/
424020 503211,สายคอนโทรล YSLY-JZ,ysly-jz,32g0.5,,32G0.5,สายคอนโทรล YSLY-JZ 32G0.5,16x0.20,14.0,154,345,39.0,199.00,,https://nyxcable.com/สายคอนโทรล/ysly-jz-32g0.5/
424020 503511,สายคอนโทรล YSLY-JZ,ysly-jz,35g0.5,,35G0.5,สายคอนโทรล YSLY-JZ 35G0.5,16x0.20,14.9,168,390,39.0,235.08,,https://nyxcable.com/สายคอนโทรล/ysly-jz-35g0.5/
424020 504011,สายคอนโทรล YSLY-JZ,ysly-jz,40g0.5,,40G0.5,สายคอนโทรล YSLY-JZ 40G0.5,16x0.20,15.6,192,450,39.0,316.97,,https://nyxcable.com/สายคอนโทรล/ysly-jz-40g0.5/
424020 504211,สายคอนโทรล YSLY-JZ,ysly-jz,42g0.5,,42G0.5,สายคอนโทรล YSLY-JZ 42G0.5,16x0.20,16.2,202,470,39.0,332.82,,https://nyxcable.com/สายคอนโทรล/ysly-jz-42g0.5/
424020 505011,สายคอนโทรล YSLY-JZ,ysly-jz,50g0.5,,50G0.5,สายคอนโทรล YSLY-JZ 50G0.5,16x0.20,17.6,240,510,39.0,409.97,,https://nyxcable.com/สายคอนโทรล/ysly-jz-50g0.5/
424020 505211,สายคอนโทรล YSLY-JZ,ysly-jz,52g0.5,,52G0.5,สายคอนโทรล YSLY-JZ 52G0.5,16x0.20,17.7,252,530,39.0,426.37,,https://nyxcable.com/สายคอนโทรล/ysly-jz-52g0.5/
424020 506111,สายคอนโทรล YSLY-JZ,ysly-jz,61g0.5,,61G0.5,สายคอนโทรล YSLY-JZ 61G0.5,16x0.20,18.9,293,650,39.0,468.07,,https://nyxcable.com/สายคอนโทรล/ysly-jz-61g0.5/
424020 506511,สายคอนโทรล YSLY-JZ,ysly-jz,65g0.5,,65G0.5,สายคอนโทรล YSLY-JZ 65G0.5,16x0.20,19.8,312,685,39.0,-,,https://nyxcable.com/สายคอนโทรล/ysly-jz-65g0.5/
424020 508011,สายคอนโทรล YSLY-JZ,ysly-jz,80g0.5,,80G0.5,สายคอนโทรล YSLY-JZ 80G0.5,16x0.20,21.5,384,780,39.0,-,,https://nyxcable.com/สายคอนโทรล/ysly-jz-80g0.5/
424020 509911,สายคอนโทรล YSLY-JZ,ysly-jz,100g0.5,,100G0.5,สายคอนโทรล YSLY-JZ 100G0.5,16x0.20,23.9,480,970,39.0,-,,https://nyxcable.com/สายคอนโทรล/ysly-jz-100g0.5/
,,,,,,,,,,,,,,
424010 750211,สายคอนโทรล YSLY-OZ,ysly-oz,2x0.75,,2X0.75,สายคอนโทรล YSLY-OZ 2X0.75,24x0.20,5.5,14.4,43,26.0,19.17,,https://nyxcable.com/สายคอนโทรล/ysly-oz-2x0.75/
424020 750311,สายคอนโทรล YSLY-JZ,ysly-jz,3g0.75,,3G0.75,สายคอนโทรล YSLY-JZ 3G0.75,24x0.20,5.7,22.0,61,26.0,26.02,,https://nyxcable.com/สายคอนโทรล/ysly-jz-3g0.75/
424020 750411,สายคอนโทรล YSLY-JZ,ysly-jz,4g0.75,,4G0.75,สายคอนโทรล YSLY-JZ 4G0.75,24x0.20,6.2,28.8,75,26.0,34.27,,https://nyxcable.com/สายคอนโทรล/ysly-jz-4g0.75/
424020 750511,สายคอนโทรล YSLY-JZ,ysly-jz,5g0.75,,5G0.75,สายคอนโทรล YSLY-JZ 5G0.75,24x0.20,6.9,36.0,100,26.0,42.50,,https://nyxcable.com/สายคอนโทรล/ysly-jz-5g0.75/
424020 750611,สายคอนโทรล YSLY-JZ,ysly-jz,6g0.75,,6G0.75,สายคอนโทรล YSLY-JZ 6G0.75,24x0.20,7.6,43.2,115,26.0,54.10,,https://nyxcable.com/สายคอนโทรล/ysly-jz-6g0.75/
424020 750711,สายคอนโทรล YSLY-JZ,ysly-jz,7g0.75,,7G0.75,สายคอนโทรล YSLY-JZ 7G0.75,24x0.20,7.6,50.0,125,26.0,60.19,,https://nyxcable.com/สายคอนโทรล/ysly-jz-7g0.75/
424020 750811,สายคอนโทรล YSLY-JZ,ysly-jz,8g0.75,,8G0.75,สายคอนโทรล YSLY-JZ 8G0.75,24x0.20,8.9,58.0,140,26.0,70.43,,https://nyxcable.com/สายคอนโทรล/ysly-jz-8g0.75/
424020 750911,สายคอนโทรล YSLY-JZ,ysly-jz,9g0.75,,9G0.75,สายคอนโทรล YSLY-JZ 9G0.75,24x0.20,9.6,65.0,150,26.0,80.00,,https://nyxcable.com/สายคอนโทรล/ysly-jz-9g0.75/
424020 751011,สายคอนโทรล YSLY-JZ,ysly-jz,10g0.75,,10G0.75,สายคอนโทรล YSLY-JZ 10G0.75,24x0.20,9.9,72.0,170,26.0,89.50,,https://nyxcable.com/สายคอนโทรล/ysly-jz-10g0.75/
424020 751211,สายคอนโทรล YSLY-JZ,ysly-jz,12g0.75,,12G0.75,สายคอนโทรล YSLY-JZ 12G0.75,24x0.20,10.2,86.0,210,26.0,103.36,,https://nyxcable.com/สายคอนโทรล/ysly-jz-12g0.75/
424020 751411,สายคอนโทรล YSLY-JZ,ysly-jz,14g0.75,,14G0.75,สายคอนโทรล YSLY-JZ 14G0.75,24x0.20,10.9,101,225,26.0,119.77,,https://nyxcable.com/สายคอนโทรล/ysly-jz-14g0.75/
424020 751611,สายคอนโทรล YSLY-JZ,ysly-jz,16g0.75,,16G0.75,สายคอนโทรล YSLY-JZ 16G0.75,24x0.20,11.2,115,240,26.0,138.82,,https://nyxcable.com/สายคอนโทรล/ysly-jz-16g0.75/
424020 751811,สายคอนโทรล YSLY-JZ,ysly-jz,18g0.75,,18G0.75,สายคอนโทรล YSLY-JZ 18G0.75,24x0.20,12.1,130,280,26.0,154.11,,https://nyxcable.com/สายคอนโทรล/ysly-jz-18g0.75/
424020 752011,สายคอนโทรล YSLY-JZ,ysly-jz,20g0.75,,20G0.75,สายคอนโทรล YSLY-JZ 20G0.75,24x0.20,13.0,144,310,26.0,179.53,,https://nyxcable.com/สายคอนโทรล/ysly-jz-20g0.75/
424020 752111,สายคอนโทรล YSLY-JZ,ysly-jz,21g0.75,,21G0.75,สายคอนโทรล YSLY-JZ 21G0.75,24x0.20,13.4,151,325,26.0,188.51,,https://nyxcable.com/สายคอนโทรล/ysly-jz-21g0.75/
424020 752511,สายคอนโทรล YSLY-JZ,ysly-jz,25g0.75,,25G0.75,สายคอนโทรล YSLY-JZ 25G0.75,24x0.20,14.2,180,370,26.0,207.20,,https://nyxcable.com/สายคอนโทรล/ysly-jz-25g0.75/
424020 753011,สายคอนโทรล YSLY-JZ,ysly-jz,30g0.75,,30G0.75,สายคอนโทรล YSLY-JZ 30G0.75,24x0.20,15.1,216,440,26.0,258.74,,https://nyxcable.com/สายคอนโทรล/ysly-jz-30g0.75/
424020 753111,สายคอนโทรล YSLY-JZ,ysly-jz,31g0.75,,31G0.75,สายคอนโทรล YSLY-JZ 31G0.75,24x0.20,16.1,223,455,26.0,262.00,,https://nyxcable.com/สายคอนโทรล/ysly-jz-31g0.75/
424020 753211,สายคอนโทรล YSLY-JZ,ysly-jz,32g0.75,,32G0.75,สายคอนโทรล YSLY-JZ 32G0.75,24x0.20,16.2,230,460,26.0,264.17,,https://nyxcable.com/สายคอนโทรล/ysly-jz-32g0.75/
424020 753411,สายคอนโทรล YSLY-JZ,ysly-jz,34g0.75,,34G0.75,สายคอนโทรล YSLY-JZ 34G0.75,24x0.20,16.3,245,500,26.0,309.21,,https://nyxcable.com/สายคอนโทรล/ysly-jz-34g0.75/
424020 753711,สายคอนโทรล YSLY-JZ,ysly-jz,37g0.75,,37G0.75,สายคอนโทรล YSLY-JZ 37G0.75,24x0.20,16.5,260,535,26.0,347.00,,https://nyxcable.com/สายคอนโทรล/ysly-jz-37g0.75/
424020 754011,สายคอนโทรล YSLY-JZ,ysly-jz,40g0.75,,40G0.75,สายคอนโทรล YSLY-JZ 40G0.75,24x0.20,17.5,288,570,26.0,383.76,,https://nyxcable.com/สายคอนโทรล/ysly-jz-40g0.75/
424020 754111,สายคอนโทรล YSLY-JZ,ysly-jz,41g0.75,,41G0.75,สายคอนโทรล YSLY-JZ 41G0.75,24x0.20,17.7,296,580,26.0,393.36,,https://nyxcable.com/สายคอนโทรล/ysly-jz-41g0.75/
424020 754211,สายคอนโทรล YSLY-JZ,ysly-jz,42g0.75,,42G0.75,สายคอนโทรล YSLY-JZ 42G0.75,24x0.20,17.8,302,590,26.0,402.95,,https://nyxcable.com/สายคอนโทรล/ysly-jz-42g0.75/
424020 755011,สายคอนโทรล YSLY-JZ,ysly-jz,50g0.75,,50G0.75,สายคอนโทรล YSLY-JZ 50G0.75,24x0.20,19.5,360,640,26.0,541.88,,https://nyxcable.com/สายคอนโทรล/ysly-jz-50g0.75/
424020 756111,สายคอนโทรล YSLY-JZ,ysly-jz,61g0.75,,61G0.75,สายคอนโทรล YSLY-JZ 61G0.75,24x0.20,20.8,439,775,26.0,665.89,,https://nyxcable.com/สายคอนโทรล/ysly-jz-61g0.75/
424020 756511,สายคอนโทรล YSLY-JZ,ysly-jz,65g0.75,,65G0.75,สายคอนโทรล YSLY-JZ 65G0.75,24x0.20,21.9,468,895,26.0,-,,https://nyxcable.com/สายคอนโทรล/ysly-jz-65g0.75/
424020 758011,สายคอนโทรล YSLY-JZ,ysly-jz,80g0.75,,80G0.75,สายคอนโทรล YSLY-JZ 80G0.75,24x0.20,24.0,576,1155,26.0,-,,https://nyxcable.com/สายคอนโทรล/ysly-jz-80g0.75/
424020 759911,สายคอนโทรล YSLY-JZ,ysly-jz,100g0.75,,100G0.75,สายคอนโทรล YSLY-JZ 100G0.75,24x0.20,26.4,720,1310,26.0,-,,https://nyxcable.com/สายคอนโทรล/ysly-jz-100g0.75/
,,,,,,,,,,,,,,
424011 000211,สายคอนโทรล YSLY-OZ,ysly-oz,2x1,,2X1,สายคอนโทรล YSLY-OZ 2X1,32x0.20,5.8,19.2,57,19.5,23.52,,https://nyxcable.com/สายคอนโทรล/ysly-oz-2x1/
424021 000311,สายคอนโทรล YSLY-JZ,ysly-jz,3g1,,3G1,สายคอนโทรล YSLY-JZ 3G1,32x0.20,6.3,28.8,80,19.5,32.06,,https://nyxcable.com/สายคอนโทรล/ysly-jz-3g1/
424021 000411,สายคอนโทรล YSLY-JZ,ysly-jz,4g1,,4G1,สายคอนโทรล YSLY-JZ 4G1,32x0.20,6.7,38.4,105,19.5,43.32,,https://nyxcable.com/สายคอนโทรล/ysly-jz-4g1/
424021 000511,สายคอนโทรล YSLY-JZ,ysly-jz,5g1,,5G1,สายคอนโทรล YSLY-JZ 5G1,32x0.20,7.3,48.0,125,19.5,53.51,,https://nyxcable.com/สายคอนโทรล/ysly-jz-5g1/
424021 000611,สายคอนโทรล YSLY-JZ,ysly-jz,6g1,,6G1,สายคอนโทรล YSLY-JZ 6G1,32x0.20,8.1,57.6,135,19.5,68.00,,https://nyxcable.com/สายคอนโทรล/ysly-jz-6g1/
424021 000711,สายคอนโทรล YSLY-JZ,ysly-jz,7g1,,7G1,สายคอนโทรล YSLY-JZ 7G1,32x0.20,8.3,67.0,150,19.5,77.34,,https://nyxcable.com/สายคอนโทรล/ysly-jz-7g1/
424021 000811,สายคอนโทรล YSLY-JZ,ysly-jz,8g1,,8G1,สายคอนโทรล YSLY-JZ 8G1,32x0.20,9.5,77.0,175,19.5,88.97,,https://nyxcable.com/สายคอนโทรล/ysly-jz-8g1/
424021 000911,สายคอนโทรล YSLY-JZ,ysly-jz,9g1,,9G1,สายคอนโทรล YSLY-JZ 9G1,32x0.20,10.3,86.4,200,19.5,100.00,,https://nyxcable.com/สายคอนโทรล/ysly-jz-9g1/
424021 001011,สายคอนโทรล YSLY-JZ,ysly-jz,10g1,,10G1,สายคอนโทรล YSLY-JZ 10G1,32x0.20,10.5,96.0,220,19.5,110.81,,https://nyxcable.com/สายคอนโทรล/ysly-jz-10g1/
424021 001211,สายคอนโทรล YSLY-JZ,ysly-jz,12g1,,12G1,สายคอนโทรล YSLY-JZ 12G1,32x0.20,10.8,115,260,19.5,132.76,,https://nyxcable.com/สายคอนโทรล/ysly-jz-12g1/
424021 001411,สายคอนโทรล YSLY-JZ,ysly-jz,14g1,,14G1,สายคอนโทรล YSLY-JZ 14G1,32x0.20,11.6,134,290,19.5,156.33,,https://nyxcable.com/สายคอนโทรล/ysly-jz-14g1/
424021 001611,สายคอนโทรล YSLY-JZ,ysly-jz,16g1,,16G1,สายคอนโทรล YSLY-JZ 16G1,32x0.20,12.1,154,320,19.5,182.00,,https://nyxcable.com/สายคอนโทรล/ysly-jz-16g1/
424021 001811,สายคอนโทรล YSLY-JZ,ysly-jz,18g1,,18G1,สายคอนโทรล YSLY-JZ 18G1,32x0.20,12.9,173,350,19.5,199.23,,https://nyxcable.com/สายคอนโทรล/ysly-jz-18g1/
424021 001911,สายคอนโทรล YSLY-JZ,ysly-jz,19g1,,19G1,สายคอนโทรล YSLY-JZ 19G1,32x0.20,13.0,182,360,19.5,209.00,,https://nyxcable.com/สายคอนโทรล/ysly-jz-19g1/
424021 002011,สายคอนโทรล YSLY-JZ,ysly-jz,20g1,,20G1,สายคอนโทรล YSLY-JZ 20G1,32x0.20,13.7,192,370,19.5,218.00,,https://nyxcable.com/สายคอนโทรล/ysly-jz-20g1/
424021 002111,สายคอนโทรล YSLY-JZ,ysly-jz,21g1,,21G1,สายคอนโทรล YSLY-JZ 21G1,32x0.20,14.1,205,380,19.5,241.01,,https://nyxcable.com/สายคอนโทรล/ysly-jz-21g1/
424021 002411,สายคอนโทรล YSLY-JZ,ysly-jz,24g1,,24G1,สายคอนโทรล YSLY-JZ 24G1,32x0.20,14.6,236,445,19.5,271.86,,https://nyxcable.com/สายคอนโทรล/ysly-jz-24g1/
424021 002511,สายคอนโทรล YSLY-JZ,ysly-jz,25g1,,25G1,สายคอนโทรล YSLY-JZ 25G1,32x0.20,14.8,240,470,19.5,283.19,,https://nyxcable.com/สายคอนโทรล/ysly-jz-25g1/
424021 002611,สายคอนโทรล YSLY-JZ,ysly-jz,26g1,,26G1,สายคอนโทรล YSLY-JZ 26G1,32x0.20,15.2,252,495,19.5,296.00,,https://nyxcable.com/สายคอนโทรล/ysly-jz-26g1/
424021 002711,สายคอนโทรล YSLY-JZ,ysly-jz,27g1,,27G1,สายคอนโทรล YSLY-JZ 27G1,32x0.20,15.9,259,530,19.5,307.57,,https://nyxcable.com/สายคอนโทรล/ysly-jz-27g1/
424021 003411,สายคอนโทรล YSLY-JZ,ysly-jz,34g1,,34G1,สายคอนโทรล YSLY-JZ 34G1,32x0.20,17.2,326,600,19.5,400.84,,https://nyxcable.com/สายคอนโทรล/ysly-jz-34g1/
424021 003611,สายคอนโทรล YSLY-JZ,ysly-jz,36g1,,36G1,สายคอนโทรล YSLY-JZ 36G1,32x0.20,17.5,346,620,19.5,429.00,,https://nyxcable.com/สายคอนโทรล/ysly-jz-36g1/
424021 003711,สายคอนโทรล YSLY-JZ,ysly-jz,37g1,,37G1,สายคอนโทรล YSLY-JZ 37G1,32x0.20,17.6,355,630,19.5,440.92,,https://nyxcable.com/สายคอนโทรล/ysly-jz-37g1/
424021 004011,สายคอนโทรล YSLY-JZ,ysly-jz,40g1,,40G1,สายคอนโทรล YSLY-JZ 40G1,32x0.20,18.4,384,680,19.5,464.64,,https://nyxcable.com/สายคอนโทรล/ysly-jz-40g1/
424021 004111,สายคอนโทรล YSLY-JZ,ysly-jz,41g1,,41G1,สายคอนโทรล YSLY-JZ 41G1,32x0.20,18.9,394,700,19.5,476.25,,https://nyxcable.com/สายคอนโทรล/ysly-jz-41g1/
424021 004211,สายคอนโทรล YSLY-JZ,ysly-jz,42g1,,42G1,สายคอนโทรล YSLY-JZ 42G1,32x0.20,19.0,403,720,19.5,487.87,,https://nyxcable.com/สายคอนโทรล/ysly-jz-42g1/
424021 005011,สายคอนโทรล YSLY-JZ,ysly-jz,50g1,,50G1,สายคอนโทรล YSLY-JZ 50G1,32x0.20,20.9,480,925,19.5,668.43,,https://nyxcable.com/สายคอนโทรล/ysly-jz-50g1/
424021 005611,สายคอนโทรล YSLY-JZ,ysly-jz,56g1,,56G1,สายคอนโทรล YSLY-JZ 56G1,32x0.20,21.6,538,1020,19.5,-,,https://nyxcable.com/สายคอนโทรล/ysly-jz-56g1/
424021 006111,สายคอนโทรล YSLY-JZ,ysly-jz,61g1,,61G1,สายคอนโทรล YSLY-JZ 61G1,32x0.20,22.5,586,1100,19.5,-,,https://nyxcable.com/สายคอนโทรล/ysly-jz-61g1/
424021 006511,สายคอนโทรล YSLY-JZ,ysly-jz,65g1,,65G1,สายคอนโทรล YSLY-JZ 65G1,32x0.20,23.4,624,1170,19.5,-,,https://nyxcable.com/สายคอนโทรล/ysly-jz-65g1/
424021 008011,สายคอนโทรล YSLY-JZ,ysly-jz,80g1,,80G1,สายคอนโทรล YSLY-JZ 80G1,32x0.20,25.7,786,1300,19.5,1013.12,,https://nyxcable.com/สายคอนโทรล/ysly-jz-80g1/
424021 009911,สายคอนโทรล YSLY-JZ,ysly-jz,100g1,,100G1,สายคอนโทรล YSLY-JZ 100G1,32x0.20,28.6,960,1630,19.5,-,,https://nyxcable.com/สายคอนโทรล/ysly-jz-100g1/
,,,,,,,,,,,,,,
424011 500211,สายคอนโทรล YSLY-OZ,ysly-oz,2x1.5,,2X1.5,สายคอนโทรล YSLY-OZ 2X1.5,30x0.25,6.6,28.8,100,13.3,31.55,,https://nyxcable.com/สายคอนโทรล/ysly-oz-2x1.5/
424021 500311,สายคอนโทรล YSLY-JZ,ysly-jz,3g1.5,,3G1.5,สายคอนโทรล YSLY-JZ 3G1.5,30x0.25,6.8,43.2,110,13.3,45.25,,https://nyxcable.com/สายคอนโทรล/ysly-jz-3g1.5/
424021 500411,สายคอนโทรล YSLY-JZ,ysly-jz,4g1.5,,4G1.5,สายคอนโทรล YSLY-JZ 4G1.5,30x0.25,7.4,57.6,125,13.3,58.05,,https://nyxcable.com/สายคอนโทรล/ysly-jz-4g1.5/
424021 500511,สายคอนโทรล YSLY-JZ,ysly-jz,5g1.5,,5G1.5,สายคอนโทรล YSLY-JZ 5G1.5,30x0.25,8.3,72.0,145,13.3,73.29,,https://nyxcable.com/สายคอนโทรล/ysly-jz-5g1.5/
424021 500611,สายคอนโทรล YSLY-JZ,ysly-jz,6g1.5,,6G1.5,สายคอนโทรล YSLY-JZ 6G1.5,30x0.25,9.0,86.4,170,13.3,92.00,,https://nyxcable.com/สายคอนโทรล/ysly-jz-6g1.5/
424021 500711,สายคอนโทรล YSLY-JZ,ysly-jz,7g1.5,,7G1.5,สายคอนโทรล YSLY-JZ 7G1.5,30x0.25,9.1,101,195,13.3,104.86,,https://nyxcable.com/สายคอนโทรล/ysly-jz-7g1.5/
424021 500811,สายคอนโทรล YSLY-JZ,ysly-jz,8g1.5,,8G1.5,สายคอนโทรล YSLY-JZ 8G1.5,30x0.25,10.9,115,215,13.3,120.74,,https://nyxcable.com/สายคอนโทรล/ysly-jz-8g1.5/
424021 500911,สายคอนโทรล YSLY-JZ,ysly-jz,9g1.5,,9G1.5,สายคอนโทรล YSLY-JZ 9G1.5,30x0.25,11.7,129,230,13.3,137.97,,https://nyxcable.com/สายคอนโทรล/ysly-jz-9g1.5/
424021 501011,สายคอนโทรล YSLY-JZ,ysly-jz,10g1.5,,10G1.5,สายคอนโทรล YSLY-JZ 10G1.5,30x0.25,11.8,144,260,13.3,155.62,,https://nyxcable.com/สายคอนโทรล/ysly-jz-10g1.5/
424021 501211,สายคอนโทรล YSLY-JZ,ysly-jz,12g1.5,,12G1.5,สายคอนโทรล YSLY-JZ 12G1.5,30x0.25,12.4,173,310,13.3,179.67,,https://nyxcable.com/สายคอนโทรล/ysly-jz-12g1.5/
424021 501411,สายคอนโทรล YSLY-JZ,ysly-jz,14g1.5,,14G1.5,สายคอนโทรล YSLY-JZ 14G1.5,30x0.25,12.9,202,360,13.3,212.53,,https://nyxcable.com/สายคอนโทรล/ysly-jz-14g1.5/
424021 501611,สายคอนโทรล YSLY-JZ,ysly-jz,16g1.5,,16G1.5,สายคอนโทรล YSLY-JZ 16G1.5,30x0.25,13.8,230,390,13.3,251.92,,https://nyxcable.com/สายคอนโทรล/ysly-jz-16g1.5/
424021 501811,สายคอนโทรล YSLY-JZ,ysly-jz,18g1.5,,18G1.5,สายคอนโทรล YSLY-JZ 18G1.5,30x0.25,14.8,259,420,13.3,283.94,,https://nyxcable.com/สายคอนโทรล/ysly-jz-18g1.5/
424021 501911,สายคอนโทรล YSLY-JZ,ysly-jz,19g1.5,,19G1.5,สายคอนโทรล YSLY-JZ 19G1.5,30x0.25,14.9,279,440,13.3,299.71,,https://nyxcable.com/สายคอนโทรล/ysly-jz-19g1.5/
424021 502111,สายคอนโทรล YSLY-JZ,ysly-jz,21g1.5,,21G1.5,สายคอนโทรล YSLY-JZ 21G1.5,30x0.25,16.0,302,535,13.3,321.96,,https://nyxcable.com/สายคอนโทรล/ysly-jz-21g1.5/
424021 502511,สายคอนโทรล YSLY-JZ,ysly-jz,25g1.5,,25G1.5,สายคอนโทรล YSLY-JZ 25G1.5,30x0.25,17.2,360,600,13.3,399.40,,https://nyxcable.com/สายคอนโทรล/ysly-jz-25g1.5/
424021 503011,สายคอนโทรล YSLY-JZ,ysly-jz,30g1.5,,30G1.5,สายคอนโทรล YSLY-JZ 30G1.5,30x0.25,18.8,432,660,13.3,438.00,,https://nyxcable.com/สายคอนโทรล/ysly-jz-30g1.5/
424021 503411,สายคอนโทรล YSLY-JZ,ysly-jz,34g1.5,,34G1.5,สายคอนโทรล YSLY-JZ 34G1.5,30x0.25,19.8,490,730,13.3,562.38,,https://nyxcable.com/สายคอนโทรล/ysly-jz-34g1.5/
424021 504011,สายคอนโทรล YSLY-JZ,ysly-jz,40g1.5,,40G1.5,สายคอนโทรล YSLY-JZ 40G1.5,30x0.25,21.6,576,895,13.3,626.28,,https://nyxcable.com/สายคอนโทรล/ysly-jz-40g1.5/
424021 504211,สายคอนโทรล YSLY-JZ,ysly-jz,42g1.5,,42G1.5,สายคอนโทรล YSLY-JZ 42G1.5,30x0.25,21.6,605,900,13.3,657.59,,https://nyxcable.com/สายคอนโทรล/ysly-jz-42g1.5/
424021 505011,สายคอนโทรล YSLY-JZ,ysly-jz,50g1.5,,50G1.5,สายคอนโทรล YSLY-JZ 50G1.5,30x0.25,23.8,720,1060,13.3,951.27,,https://nyxcable.com/สายคอนโทรล/ysly-jz-50g1.5/
424021 505611,สายคอนโทรล YSLY-JZ,ysly-jz,56g1.5,,56G1.5,สายคอนโทรล YSLY-JZ 56G1.5,30x0.25,25.2,806,1200,13.3,1067.00,,https://nyxcable.com/สายคอนโทรล/ysly-jz-56g1.5/
424021 506111,สายคอนโทรล YSLY-JZ,ysly-jz,61g1.5,,61G1.5,สายคอนโทรล YSLY-JZ 61G1.5,30x0.25,25.6,878,1320,13.3,1181.84,,https://nyxcable.com/สายคอนโทรล/ysly-jz-61g1.5/
424021 506511,สายคอนโทรล YSLY-JZ,ysly-jz,65g1.5,,65G1.5,สายคอนโทรล YSLY-JZ 65G1.5,30x0.25,26.9,936,1440,13.3,-,,https://nyxcable.com/สายคอนโทรล/ysly-jz-65g1.5/
424021 508011,สายคอนโทรล YSLY-JZ,ysly-jz,80g1.5,,80G1.5,สายคอนโทรล YSLY-JZ 80G1.5,30x0.25,29.4,1152,1750,13.3,-,,https://nyxcable.com/สายคอนโทรล/ysly-jz-80g1.5/
424021 509911,สายคอนโทรล YSLY-JZ,ysly-jz,100g1.5,,100G1.5,สายคอนโทรล YSLY-JZ 100G1.5,30x0.25,32.8,1440,2355,13.3,-,,https://nyxcable.com/สายคอนโทรล/ysly-jz-100g1.5/
,,,,,,,,,,,,,,
424012 500211,สายคอนโทรล YSLY-OZ,ysly-oz,2x2.5,,2X2.5,สายคอนโทรล YSLY-OZ 2X2.5,50x0.25,7.7,48.0,120,7.98,51.69,,https://nyxcable.com/สายคอนโทรล/ysly-oz-2x2.5/
424022 500311,สายคอนโทรล YSLY-JZ,ysly-jz,3g2.5,,3G2.5,สายคอนโทรล YSLY-JZ 3G2.5,50x0.25,8.3,72.0,170,7.98,74.20,,https://nyxcable.com/สายคอนโทรล/ysly-jz-3g2.5/
424022 500411,สายคอนโทรล YSLY-JZ,ysly-jz,4g2.5,,4G2.5,สายคอนโทรล YSLY-JZ 4G2.5,50x0.25,9.1,96.0,180,7.98,97.12,,https://nyxcable.com/สายคอนโทรล/ysly-jz-4g2.5/
424022 500511,สายคอนโทรล YSLY-JZ,ysly-jz,5g2.5,,5G2.5,สายคอนโทรล YSLY-JZ 5G2.5,50x0.25,10.2,120,190,7.98,123.00,,https://nyxcable.com/สายคอนโทรล/ysly-jz-5g2.5/
424022 500711,สายคอนโทรล YSLY-JZ,ysly-jz,7g2.5,,7G2.5,สายคอนโทรล YSLY-JZ 7G2.5,50x0.25,11.2,168,280,7.98,175.12,,https://nyxcable.com/สายคอนโทรล/ysly-jz-7g2.5/
424022 500811,สายคอนโทรล YSLY-JZ,ysly-jz,8g2.5,,8G2.5,สายคอนโทรล YSLY-JZ 8G2.5,50x0.25,13.1,192,325,7.98,188.45,,https://nyxcable.com/สายคอนโทรล/ysly-jz-8g2.5/
424022 501211,สายคอนโทรล YSLY-JZ,ysly-jz,12g2.5,,12G2.5,สายคอนโทรล YSLY-JZ 12G2.5,50x0.25,15.1,288,510,7.98,296.24,,https://nyxcable.com/สายคอนโทรล/ysly-jz-12g2.5/
424022 501411,สายคอนโทรล YSLY-JZ,ysly-jz,14g2.5,,14G2.5,สายคอนโทรล YSLY-JZ 14G2.5,50x0.25,16.1,336,600,7.98,321.33,,https://nyxcable.com/สายคอนโทรล/ysly-jz-14g2.5/
424022 501811,สายคอนโทรล YSLY-JZ,ysly-jz,18g2.5,,18G2.5,สายคอนโทรล YSLY-JZ 18G2.5,50x0.25,18.1,432,870,7.98,425.57,,https://nyxcable.com/สายคอนโทรล/ysly-jz-18g2.5/
424022 502511,สายคอนโทรล YSLY-JZ,ysly-jz,25g2.5,,25G2.5,สายคอนโทรล YSLY-JZ 25G2.5,50x0.25,21.2,600,1140,7.98,617.36,,https://nyxcable.com/สายคอนโทรล/ysly-jz-25g2.5/
424022 503211,สายคอนโทรล YSLY-JZ,ysly-jz,32g2.5,,32G2.5,สายคอนโทรล YSLY-JZ 32G2.5,50x0.25,24.0,768,1205,7.98,-,,https://nyxcable.com/สายคอนโทรล/ysly-jz-32g2.5/
424022 503411,สายคอนโทรล YSLY-JZ,ysly-jz,34g2.5,,34G2.5,สายคอนโทรล YSLY-JZ 34G2.5,50x0.25,24.8,816,1320,7.98,-,,https://nyxcable.com/สายคอนโทรล/ysly-jz-34g2.5/
424022 504211,สายคอนโทรล YSLY-JZ,ysly-jz,42g2.5,,42G2.5,สายคอนโทรล YSLY-JZ 42G2.5,50x0.25,27.5,1008,1610,7.98,-,,https://nyxcable.com/สายคอนโทรล/ysly-jz-42g2.5/
424022 505011,สายคอนโทรล YSLY-JZ,ysly-jz,50g2.5,,50G2.5,สายคอนโทรล YSLY-JZ 50G2.5,50x0.25,29.8,1200,1885,7.98,-,,https://nyxcable.com/สายคอนโทรล/ysly-jz-50g2.5/
424022 506111,สายคอนโทรล YSLY-JZ,ysly-jz,61g2.5,,61G2.5,สายคอนโทรล YSLY-JZ 61G2.5,50x0.25,32.1,1464,2475,7.98,-,,https://nyxcable.com/สายคอนโทรล/ysly-jz-61g2.5/
424022 509911,สายคอนโทรล YSLY-JZ,ysly-jz,100g2.5,,100G2.5,สายคอนโทรล YSLY-JZ 100G2.5,50x0.25,41.1,2400,4005,7.98,-,,https://nyxcable.com/สายคอนโทรล/ysly-jz-100g2.5/
,,,,,,,,,,,,,,
424014 000211,สายคอนโทรล YSLY-OZ,ysly-oz,2x4,,2X4,สายคอนโทรล YSLY-OZ 2X4,56x0.30,9.3,77.0,175,4.95,89.00,,https://nyxcable.com/สายคอนโทรล/ysly-oz-2x4/
424024 000311,สายคอนโทรล YSLY-JZ,ysly-jz,3g4,,3G4,สายคอนโทรล YSLY-JZ 3G4,56x0.30,10.2,115,210,4.95,112.71,,https://nyxcable.com/สายคอนโทรล/ysly-jz-3g4/
424024 000411,สายคอนโทรล YSLY-JZ,ysly-jz,4g4,,4G4,สายคอนโทรล YSLY-JZ 4G4,56x0.30,11.1,154,270,4.95,155.31,,https://nyxcable.com/สายคอนโทรล/ysly-jz-4g4/
424024 000511,สายคอนโทรล YSLY-JZ,ysly-jz,5g4,,5G4,สายคอนโทรล YSLY-JZ 5G4,56x0.30,12.4,192,300,4.95,182.51,,https://nyxcable.com/สายคอนโทรล/ysly-jz-5g4/
424024 000711,สายคอนโทรล YSLY-JZ,ysly-jz,7g4,,7G4,สายคอนโทรล YSLY-JZ 7G4,56x0.30,13.7,269,410,4.95,273.11,,https://nyxcable.com/สายคอนโทรล/ysly-jz-7g4/
424024 001211,สายคอนโทรล YSLY-JZ,ysly-jz,12g4,,12G4,สายคอนโทรล YSLY-JZ 12G4,56x0.30,18.1,461,710,4.95,480.56,,https://nyxcable.com/สายคอนโทรล/ysly-jz-12g4/
,,,,,,,,,,,,,,
424026 000311,สายคอนโทรล YSLY-JZ,ysly-jz,3g6,,3G6,สายคอนโทรล YSLY-JZ 3G6,84x0.30,11.9,173,300,3.30,165.91,,https://nyxcable.com/สายคอนโทรล/ysly-jz-3g6/
424026 000411,สายคอนโทรล YSLY-JZ,ysly-jz,4g6,,4G6,สายคอนโทรล YSLY-JZ 4G6,84x0.30,13.2,230,330,3.30,214.62,,https://nyxcable.com/สายคอนโทรล/ysly-jz-4g6/
424026 000511,สายคอนโทรล YSLY-JZ,ysly-jz,5g6,,5G6,สายคอนโทรล YSLY-JZ 5G6,84x0.30,14.5,288,430,3.30,296.74,,https://nyxcable.com/สายคอนโทรล/ysly-jz-5g6/
424026 000711,สายคอนโทรล YSLY-JZ,ysly-jz,7g6,,7G6,สายคอนโทรล YSLY-JZ 7G6,84x0.30,16.1,403,600,3.30,391.52,,https://nyxcable.com/สายคอนโทรล/ysly-jz-7g6/
,,,,,,,,,,,,,,
424027 100311,สายคอนโทรล YSLY-JZ,ysly-jz,3g10,,3G10,สายคอนโทรล YSLY-JZ 3G10,80x0.40,15.0,288,545,1.91,282.26,,https://nyxcable.com/สายคอนโทรล/ysly-jz-3g10/
424027 100411,สายคอนโทรล YSLY-JZ,ysly-jz,4g10,,4G10,สายคอนโทรล YSLY-JZ 4G10,80x0.40,16.6,384,750,1.91,363.56,,https://nyxcable.com/สายคอนโทรล/ysly-jz-4g10/
424027 100511,สายคอนโทรล YSLY-JZ,ysly-jz,5g10,,5G10,สายคอนโทรล YSLY-JZ 5G10,80x0.40,18.4,480,930,1.91,477.55,,https://nyxcable.com/สายคอนโทรล/ysly-jz-5g10/
424027 100711,สายคอนโทรล YSLY-JZ,ysly-jz,7g10,,7G10,สายคอนโทรล YSLY-JZ 7G10,80x0.40,20.3,672,1105,1.91,660.65,,https://nyxcable.com/สายคอนโทรล/ysly-jz-7g10/
,,,,,,,,,,,,,,
424027 160311,สายคอนโทรล YSLY-JZ,ysly-jz,3g16,,3G16,สายคอนโทรล YSLY-JZ 3G16,128x0.40,16.8,461,830,1.21,424.00,,https://nyxcable.com/สายคอนโทรล/ysly-jz-3g16/
424027 160411,สายคอนโทรล YSLY-JZ,ysly-jz,4g16,,4G16,สายคอนโทรล YSLY-JZ 4G16,128x0.40,19.2,614,1050,1.21,560.02,,https://nyxcable.com/สายคอนโทรล/ysly-jz-4g16/
424027 160511,สายคอนโทรล YSLY-JZ,ysly-jz,5g16,,5G16,สายคอนโทรล YSLY-JZ 5G16,128x0.40,21.6,768,1300,1.21,729.96,,https://nyxcable.com/สายคอนโทรล/ysly-jz-5g16/
424027 160711,สายคอนโทรล YSLY-JZ,ysly-jz,7g16,,7G16,สายคอนโทรล YSLY-JZ 7G16,128x0.40,23.8,1075,1735,1.21,1073.88,,https://nyxcable.com/สายคอนโทรล/ysly-jz-7g16/
,,,,,,,,,,,,,,
424027 250311,สายคอนโทรล YSLY-JZ,ysly-jz,3g25,,3G25,สายคอนโทรล YSLY-JZ 3G25,200x0.40,22.8,720,1065,0.780,654.00,,https://nyxcable.com/สายคอนโทรล/ysly-jz-3g25/
424027 250411,สายคอนโทรล YSLY-JZ,ysly-jz,4g25,,4G25,สายคอนโทรล YSLY-JZ 4G25,200x0.40,23.9,960,1675,0.780,866.43,,https://nyxcable.com/สายคอนโทรล/ysly-jz-4g25/
424027 250511,สายคอนโทรล YSLY-JZ,ysly-jz,5g25,,5G25,สายคอนโทรล YSLY-JZ 5G25,200x0.40,26.8,1200,2100,0.780,1109.24,,https://nyxcable.com/สายคอนโทรล/ysly-jz-5g25/
424027 250711,สายคอนโทรล YSLY-JZ,ysly-jz,7g25,,7G25,สายคอนโทรล YSLY-JZ 7G25,200x0.40,31.0,1680,2705,0.780,-,,https://nyxcable.com/สายคอนโทรล/ysly-jz-7g25/
,,,,,,,,,,,,,,
424027 350411,สายคอนโทรล YSLY-JZ,ysly-jz,4g35,,4G35,สายคอนโทรล YSLY-JZ 4G35,280x0.40,28.4,1344,2050,0.554,1289.12,,https://nyxcable.com/สายคอนโทรล/ysly-jz-4g35/
424027 350511,สายคอนโทรล YSLY-JZ,ysly-jz,5g35,,5G35,สายคอนโทรล YSLY-JZ 5G35,280x0.40,32.1,1680,2635,0.554,1593.62,,https://nyxcable.com/สายคอนโทรล/ysly-jz-5g35/
